use cfa_mixer;

create table BROADCAST_SUBSCRIBER (ID bigint not null auto_increment, CREATED_BY varchar(40), CREATED_DATE DATETIME, UPDATED_BY varchar(40), UPDATED_DATE DATETIME, APP_NAME varchar(255), CALLBACK_URL varchar(255), STATUS varchar(255), SUBSCRIBER_TYPE varchar(255), primary key (ID)) ENGINE=InnoDB;
create table COUNTRY (ID bigint not null auto_increment, CODE varchar(10), DESCRIPTION varchar(100), primary key (ID)) ENGINE=InnoDB
;create table COUNTRY_AUD (ID bigint not null, REV integer not null, REVTYPE tinyint, CODE varchar(10), DESCRIPTION varchar(100), primary key (ID, REV)) ENGINE=InnoDB
;create table LEGAL_ENTITY (ID bigint not null auto_increment, CREATED_BY varchar(40), CREATED_DATE DATETIME, UPDATED_BY varchar(40), UPDATED_DATE DATETIME, CODE varchar(100) not null, DESCRIPTION varchar(255), ENABLED BIT not null, OPERATIONAL BIT not null, TAXPAYER_ID varchar(100), COUNTRY_ID bigint, primary key (ID)) ENGINE=InnoDB
;create table LEGAL_ENTITY_AUD (ID bigint not null, REV integer not null, REVTYPE tinyint, CREATED_BY varchar(40), CREATED_DATE DATETIME, UPDATED_BY varchar(40), UPDATED_DATE DATETIME, CODE varchar(100), DESCRIPTION varchar(255), ENABLED BIT, OPERATIONAL BIT, TAXPAYER_ID varchar(100), COUNTRY_ID bigint, primary key (ID, REV)) ENGINE=InnoDB
;create table ORACLE_LEGAL_ENTITY_FOR_INVOICING (ID bigint not null auto_increment, RULE_START_DATE DATETIME, CHANNEL varchar(50) not null, COUNTRY_CODE varchar(10) not null, CREATED_DATE DATETIME, PRODUCT_TYPE varchar(50) not null, UPDATED_DATE DATETIME, LEGAL_ENTITY_ID bigint, primary key (ID)) ENGINE=InnoDB
;create table ORACLE_LEGAL_ENTITY_FOR_INVOICING_AUD (ID bigint not null, REV integer not null, REVTYPE tinyint, RULE_START_DATE DATETIME, CHANNEL varchar(50), COUNTRY_CODE varchar(10), CREATED_DATE DATETIME, PRODUCT_TYPE varchar(50), UPDATED_DATE DATETIME, LEGAL_ENTITY_ID bigint, primary key (ID, REV)) ENGINE=InnoDB
;create table REVINFO (id integer not null auto_increment, timestamp bigint not null, AUDITOR_USERNAME varchar(255), primary key (id)) ENGINE=InnoDB
;alter table COUNTRY add constraint IDX_COUNTRY_CODE  unique (CODE)
;alter table COUNTRY add constraint IDX_COUNTRY_DESCRIPTION  unique (DESCRIPTION)
;alter table LEGAL_ENTITY add constraint IDX_LEGAL_ENTITY  unique (CODE)
;alter table LEGAL_ENTITY add constraint IDX_LEGAL_ENTITY_COUNTRY_TAX  unique (TAXPAYER_ID, COUNTRY_ID)
;alter table ORACLE_LEGAL_ENTITY_FOR_INVOICING add constraint IDX_ORACLE_FOR_INVOICING  unique (COUNTRY_CODE, CHANNEL, PRODUCT_TYPE)
;alter table COUNTRY_AUD add constraint FK_COUNTRY_AUD foreign key (REV) references REVINFO (id)
;alter table LEGAL_ENTITY add constraint FK_COUNTRY foreign key (COUNTRY_ID) references COUNTRY (ID)
;alter table LEGAL_ENTITY_AUD add constraint FK_LEGAL_ENTITY_AUD foreign key (REV) references REVINFO (id)
;alter table ORACLE_LEGAL_ENTITY_FOR_INVOICING add constraint FK_LEGAL_ENTITY_FOR_INVOICING foreign key (LEGAL_ENTITY_ID) references LEGAL_ENTITY (ID)
;alter table ORACLE_LEGAL_ENTITY_FOR_INVOICING_AUD add constraint FK_l0t10xdwiamvmuwjm6ibreq74 foreign key (REV) references REVINFO (id);

create table PRODUCT_TYPE (ID bigint not null auto_increment, DESCRIPTION varchar(200), primary key (ID)) ENGINE=InnoDB;
create table PRODUCT_TYPE_AUD (ID bigint not null, REV integer not null, REVTYPE tinyint, DESCRIPTION varchar(200), primary key (ID, REV)) ENGINE=InnoDB;
create table RULE_SELL_TYPE (ID bigint not null auto_increment, RULE_START_DATE DATETIME not null, AFFILIATED_AGENCY varchar(30), ASSISTANCE_TYPE varchar(30), COUNTRY_CODE_PROVIDER varchar(20), COUNTRY_CODE_SITE varchar(20), GATEWAY varchar(100), PREPAYMENT varchar(30), PRODUCT_TYPE varchar(50), SELL_TYPE varchar(30), SOURCE_SYSTEM_NUMBER varchar(100), SUPPLIER varchar(100), primary key (ID)) ENGINE=InnoDB;
create table RULE_SELL_TYPE_AUD (ID bigint not null, REV integer not null, REVTYPE tinyint, RULE_START_DATE DATETIME, AFFILIATED_AGENCY varchar(30), ASSISTANCE_TYPE varchar(30), COUNTRY_CODE_PROVIDER varchar(20), COUNTRY_CODE_SITE varchar(20), GATEWAY varchar(100), PREPAYMENT varchar(30), PRODUCT_TYPE varchar(50), SELL_TYPE varchar(30), SOURCE_SYSTEM_NUMBER varchar(100), SUPPLIER varchar(100), primary key (ID, REV)) ENGINE=InnoDB;

alter table RULE_SELL_TYPE add constraint IDX_RULE_SELL_TYPE  unique (PRODUCT_TYPE, COUNTRY_CODE_SITE, COUNTRY_CODE_PROVIDER, SOURCE_SYSTEM_NUMBER, ASSISTANCE_TYPE, SUPPLIER, GATEWAY, AFFILIATED_AGENCY, PREPAYMENT, RULE_START_DATE);
alter table RULE_SELL_TYPE_AUD add constraint FK_8wx7ccykrmicoljc8ebe3f6d0 foreign key (REV) references REVINFO (id);

INSERT INTO `COUNTRY` (`code`,`description`) VALUES ('AF','Afganistán');
INSERT INTO `COUNTRY` (`code`,`description`) VALUES ('AL','Albania');
INSERT INTO `COUNTRY` (`code`,`description`) VALUES ('DE','Alemania');
INSERT INTO `COUNTRY` (`code`,`description`) VALUES ('AD','Andorra');
INSERT INTO `COUNTRY` (`code`,`description`) VALUES ('AO','Angola');
INSERT INTO `COUNTRY` (`code`,`description`) VALUES ('AI','Anguila');
INSERT INTO `COUNTRY` (`code`,`description`) VALUES ('AQ','Antártida');
INSERT INTO `COUNTRY` (`code`,`description`) VALUES ('AG','Antigua y Barbuda');
INSERT INTO `COUNTRY` (`code`,`description`) VALUES ('SA','Arabia Saudita');
INSERT INTO `COUNTRY` (`code`,`description`) VALUES ('DZ','Argelia');
INSERT INTO `COUNTRY` (`code`,`description`) VALUES ('AR','Argentina');
INSERT INTO `COUNTRY` (`code`,`description`) VALUES ('AM','Armenia');
INSERT INTO `COUNTRY` (`code`,`description`) VALUES ('AW','Aruba');
INSERT INTO `COUNTRY` (`code`,`description`) VALUES ('AU','Australia');
INSERT INTO `COUNTRY` (`code`,`description`) VALUES ('AT','Austria');
INSERT INTO `COUNTRY` (`code`,`description`) VALUES ('AZ','Azerbaiyán');
INSERT INTO `COUNTRY` (`code`,`description`) VALUES ('BS','Bahamas');
INSERT INTO `COUNTRY` (`code`,`description`) VALUES ('BH','Bahréin');
INSERT INTO `COUNTRY` (`code`,`description`) VALUES ('BD','Bangladesh');
INSERT INTO `COUNTRY` (`code`,`description`) VALUES ('BB','Barbados');
INSERT INTO `COUNTRY` (`code`,`description`) VALUES ('BE','Bélgica');
INSERT INTO `COUNTRY` (`code`,`description`) VALUES ('BZ','Belice');
INSERT INTO `COUNTRY` (`code`,`description`) VALUES ('BJ','Benín');
INSERT INTO `COUNTRY` (`code`,`description`) VALUES ('BM','Bermudas');
INSERT INTO `COUNTRY` (`code`,`description`) VALUES ('BY','Bielorrusia');
INSERT INTO `COUNTRY` (`code`,`description`) VALUES ('BO','Bolivia');
INSERT INTO `COUNTRY` (`code`,`description`) VALUES ('BA','Bosnia y Herzegovina');
INSERT INTO `COUNTRY` (`code`,`description`) VALUES ('BW','Botsuana');
INSERT INTO `COUNTRY` (`code`,`description`) VALUES ('BR','Brasil');
INSERT INTO `COUNTRY` (`code`,`description`) VALUES ('BN','Brunéi');
INSERT INTO `COUNTRY` (`code`,`description`) VALUES ('BG','Bulgaria');
INSERT INTO `COUNTRY` (`code`,`description`) VALUES ('BF','Burkina Faso');
INSERT INTO `COUNTRY` (`code`,`description`) VALUES ('BI','Burundi');
INSERT INTO `COUNTRY` (`code`,`description`) VALUES ('BT','Bután');
INSERT INTO `COUNTRY` (`code`,`description`) VALUES ('CV','Cabo Verde');
INSERT INTO `COUNTRY` (`code`,`description`) VALUES ('KH','Camboya');
INSERT INTO `COUNTRY` (`code`,`description`) VALUES ('CM','Camerún');
INSERT INTO `COUNTRY` (`code`,`description`) VALUES ('CA','Canadá');
INSERT INTO `COUNTRY` (`code`,`description`) VALUES ('TD','Chad');
INSERT INTO `COUNTRY` (`code`,`description`) VALUES ('CL','Chile');
INSERT INTO `COUNTRY` (`code`,`description`) VALUES ('CY','Chipre');
INSERT INTO `COUNTRY` (`code`,`description`) VALUES ('VA','Ciudad del Vaticano');
INSERT INTO `COUNTRY` (`code`,`description`) VALUES ('CO','Colombia');
INSERT INTO `COUNTRY` (`code`,`description`) VALUES ('KM','Comoras');
INSERT INTO `COUNTRY` (`code`,`description`) VALUES ('CG','Congo');
INSERT INTO `COUNTRY` (`code`,`description`) VALUES ('KR','Corea del Sur');
INSERT INTO `COUNTRY` (`code`,`description`) VALUES ('CI','Costa de Marfil');
INSERT INTO `COUNTRY` (`code`,`description`) VALUES ('CR','Costa Rica');
INSERT INTO `COUNTRY` (`code`,`description`) VALUES ('HR','Croacia');
INSERT INTO `COUNTRY` (`code`,`description`) VALUES ('CU','Cuba');
INSERT INTO `COUNTRY` (`code`,`description`) VALUES ('CW','Curazao');
INSERT INTO `COUNTRY` (`code`,`description`) VALUES ('DK','Dinamarca');
INSERT INTO `COUNTRY` (`code`,`description`) VALUES ('DM','Dominica');
INSERT INTO `COUNTRY` (`code`,`description`) VALUES ('EC','Ecuador');
INSERT INTO `COUNTRY` (`code`,`description`) VALUES ('EG','Egipto');
INSERT INTO `COUNTRY` (`code`,`description`) VALUES ('SV','El Salvador');
INSERT INTO `COUNTRY` (`code`,`description`) VALUES ('AE','Emiratos Árabes Unidos');
INSERT INTO `COUNTRY` (`code`,`description`) VALUES ('ER','Eritrea');
INSERT INTO `COUNTRY` (`code`,`description`) VALUES ('SK','Eslovaquia');
INSERT INTO `COUNTRY` (`code`,`description`) VALUES ('SI','Eslovenia');
INSERT INTO `COUNTRY` (`code`,`description`) VALUES ('ES','España');
INSERT INTO `COUNTRY` (`code`,`description`) VALUES ('FM','Estados Federados de Micronesia');
INSERT INTO `COUNTRY` (`code`,`description`) VALUES ('US','Estados Unidos');
INSERT INTO `COUNTRY` (`code`,`description`) VALUES ('EE','Estonia');
INSERT INTO `COUNTRY` (`code`,`description`) VALUES ('ET','Etiopía');
INSERT INTO `COUNTRY` (`code`,`description`) VALUES ('PH','Filipinas');
INSERT INTO `COUNTRY` (`code`,`description`) VALUES ('FI','Finlandia');
INSERT INTO `COUNTRY` (`code`,`description`) VALUES ('FJ','Fiyi');
INSERT INTO `COUNTRY` (`code`,`description`) VALUES ('FR','Francia');
INSERT INTO `COUNTRY` (`code`,`description`) VALUES ('GA','Gabón');
INSERT INTO `COUNTRY` (`code`,`description`) VALUES ('GM','Gambia');
INSERT INTO `COUNTRY` (`code`,`description`) VALUES ('GE','Georgia');
INSERT INTO `COUNTRY` (`code`,`description`) VALUES ('GH','Ghana');
INSERT INTO `COUNTRY` (`code`,`description`) VALUES ('GI','Gibraltar');
INSERT INTO `COUNTRY` (`code`,`description`) VALUES ('GD','Granada');
INSERT INTO `COUNTRY` (`code`,`description`) VALUES ('GR','Grecia');
INSERT INTO `COUNTRY` (`code`,`description`) VALUES ('GL','Groenlandia');
INSERT INTO `COUNTRY` (`code`,`description`) VALUES ('GP','Guadalupe');
INSERT INTO `COUNTRY` (`code`,`description`) VALUES ('GU','Guam');
INSERT INTO `COUNTRY` (`code`,`description`) VALUES ('GT','Guatemala');
INSERT INTO `COUNTRY` (`code`,`description`) VALUES ('GF','Guayana Francesa');
INSERT INTO `COUNTRY` (`code`,`description`) VALUES ('GG','Guernsey');
INSERT INTO `COUNTRY` (`code`,`description`) VALUES ('GN','Guinea');
INSERT INTO `COUNTRY` (`code`,`description`) VALUES ('GQ','Guinea Ecuatorial');
INSERT INTO `COUNTRY` (`code`,`description`) VALUES ('GW','Guinea-Bissáu');
INSERT INTO `COUNTRY` (`code`,`description`) VALUES ('GY','Guyana');
INSERT INTO `COUNTRY` (`code`,`description`) VALUES ('HT','Haití');
INSERT INTO `COUNTRY` (`code`,`description`) VALUES ('NL','Holanda');
INSERT INTO `COUNTRY` (`code`,`description`) VALUES ('HN','Honduras');
INSERT INTO `COUNTRY` (`code`,`description`) VALUES ('HK','Hong Kong');
INSERT INTO `COUNTRY` (`code`,`description`) VALUES ('HU','Hungría');
INSERT INTO `COUNTRY` (`code`,`description`) VALUES ('IN','India');
INSERT INTO `COUNTRY` (`code`,`description`) VALUES ('ID','Indonesia');
INSERT INTO `COUNTRY` (`code`,`description`) VALUES ('IQ','Iraq');
INSERT INTO `COUNTRY` (`code`,`description`) VALUES ('IE','Irlanda');
INSERT INTO `COUNTRY` (`code`,`description`) VALUES ('BV','Isla Bouvet');
INSERT INTO `COUNTRY` (`code`,`description`) VALUES ('CX','Isla Christmas');
INSERT INTO `COUNTRY` (`code`,`description`) VALUES ('IM','Isla de Man');
INSERT INTO `COUNTRY` (`code`,`description`) VALUES ('NU','Isla Niue');
INSERT INTO `COUNTRY` (`code`,`description`) VALUES ('NF','Isla Norfolk');
INSERT INTO `COUNTRY` (`code`,`description`) VALUES ('IS','Islandia');
INSERT INTO `COUNTRY` (`code`,`description`) VALUES ('KY','Islas Caimán');
INSERT INTO `COUNTRY` (`code`,`description`) VALUES ('CC','Islas Cocos');
INSERT INTO `COUNTRY` (`code`,`description`) VALUES ('CK','Islas Cook');
INSERT INTO `COUNTRY` (`code`,`description`) VALUES ('AX','Islas de Åland');
INSERT INTO `COUNTRY` (`code`,`description`) VALUES ('FO','Islas Feroe');
INSERT INTO `COUNTRY` (`code`,`description`) VALUES ('GS','Islas Georgia del Sur y Sandwich del Sur');
INSERT INTO `COUNTRY` (`code`,`description`) VALUES ('HM','Islas Heard y McDonald');
INSERT INTO `COUNTRY` (`code`,`description`) VALUES ('FK','Islas Malvinas');
INSERT INTO `COUNTRY` (`code`,`description`) VALUES ('MP','Islas Marianas del Norte');
INSERT INTO `COUNTRY` (`code`,`description`) VALUES ('MH','Islas Marshall');
INSERT INTO `COUNTRY` (`code`,`description`) VALUES ('UM','Islas menores alejadas de los Estados Unidos');
INSERT INTO `COUNTRY` (`code`,`description`) VALUES ('PN','Islas Pitcairn');
INSERT INTO `COUNTRY` (`code`,`description`) VALUES ('SB','Islas Salomón');
INSERT INTO `COUNTRY` (`code`,`description`) VALUES ('TC','Islas Turcas y Caicos');
INSERT INTO `COUNTRY` (`code`,`description`) VALUES ('VG','Islas Vírgenes Británicas');
INSERT INTO `COUNTRY` (`code`,`description`) VALUES ('VI','Islas Vírgenes de los Estados Unidos');
INSERT INTO `COUNTRY` (`code`,`description`) VALUES ('IL','Israel');
INSERT INTO `COUNTRY` (`code`,`description`) VALUES ('IT','Italia');
INSERT INTO `COUNTRY` (`code`,`description`) VALUES ('JM','Jamaica');
INSERT INTO `COUNTRY` (`code`,`description`) VALUES ('JP','Japón');
INSERT INTO `COUNTRY` (`code`,`description`) VALUES ('JE','Jersey');
INSERT INTO `COUNTRY` (`code`,`description`) VALUES ('JO','Jordania');
INSERT INTO `COUNTRY` (`code`,`description`) VALUES ('KZ','Kazajstán');
INSERT INTO `COUNTRY` (`code`,`description`) VALUES ('KE','Kenia');
INSERT INTO `COUNTRY` (`code`,`description`) VALUES ('KG','Kirguistán');
INSERT INTO `COUNTRY` (`code`,`description`) VALUES ('KI','Kiribati');
INSERT INTO `COUNTRY` (`code`,`description`) VALUES ('XK','Kosovo');
INSERT INTO `COUNTRY` (`code`,`description`) VALUES ('KW','Kuwait');
INSERT INTO `COUNTRY` (`code`,`description`) VALUES ('LA','Laos');
INSERT INTO `COUNTRY` (`code`,`description`) VALUES ('LS','Lesotho');
INSERT INTO `COUNTRY` (`code`,`description`) VALUES ('LV','Letonia');
INSERT INTO `COUNTRY` (`code`,`description`) VALUES ('LB','Líbano');
INSERT INTO `COUNTRY` (`code`,`description`) VALUES ('LR','Liberia');
INSERT INTO `COUNTRY` (`code`,`description`) VALUES ('LY','Libia');
INSERT INTO `COUNTRY` (`code`,`description`) VALUES ('LI','Liechtenstein');
INSERT INTO `COUNTRY` (`code`,`description`) VALUES ('LT','Lituania');
INSERT INTO `COUNTRY` (`code`,`description`) VALUES ('LU','Luxemburgo');
INSERT INTO `COUNTRY` (`code`,`description`) VALUES ('MO','Macao');
INSERT INTO `COUNTRY` (`code`,`description`) VALUES ('MK','Macedonia');
INSERT INTO `COUNTRY` (`code`,`description`) VALUES ('MG','Madagascar');
INSERT INTO `COUNTRY` (`code`,`description`) VALUES ('MY','Malasia');
INSERT INTO `COUNTRY` (`code`,`description`) VALUES ('MW','Malaui');
INSERT INTO `COUNTRY` (`code`,`description`) VALUES ('MV','Maldivas');
INSERT INTO `COUNTRY` (`code`,`description`) VALUES ('ML','Mali');
INSERT INTO `COUNTRY` (`code`,`description`) VALUES ('MT','Malta');
INSERT INTO `COUNTRY` (`code`,`description`) VALUES ('MA','Marruecos');
INSERT INTO `COUNTRY` (`code`,`description`) VALUES ('MQ','Martinica');
INSERT INTO `COUNTRY` (`code`,`description`) VALUES ('MU','Mauricio');
INSERT INTO `COUNTRY` (`code`,`description`) VALUES ('MR','Mauritania');
INSERT INTO `COUNTRY` (`code`,`description`) VALUES ('YT','Mayotte');
INSERT INTO `COUNTRY` (`code`,`description`) VALUES ('MX','Mexico');
INSERT INTO `COUNTRY` (`code`,`description`) VALUES ('MD','Moldavia');
INSERT INTO `COUNTRY` (`code`,`description`) VALUES ('MC','Mónaco');
INSERT INTO `COUNTRY` (`code`,`description`) VALUES ('MN','Mongolia');
INSERT INTO `COUNTRY` (`code`,`description`) VALUES ('ME','Montenegro');
INSERT INTO `COUNTRY` (`code`,`description`) VALUES ('MS','Montserrat');
INSERT INTO `COUNTRY` (`code`,`description`) VALUES ('MZ','Mozambique');
INSERT INTO `COUNTRY` (`code`,`description`) VALUES ('BQ','Municipio Especial de Bonaire');
INSERT INTO `COUNTRY` (`code`,`description`) VALUES ('MM','Myanmar [Birmania]');
INSERT INTO `COUNTRY` (`code`,`description`) VALUES ('NA','Namibia');
INSERT INTO `COUNTRY` (`code`,`description`) VALUES ('NR','Nauru');
INSERT INTO `COUNTRY` (`code`,`description`) VALUES ('NP','Nepal');
INSERT INTO `COUNTRY` (`code`,`description`) VALUES ('NI','Nicaragua');
INSERT INTO `COUNTRY` (`code`,`description`) VALUES ('NE','Níger');
INSERT INTO `COUNTRY` (`code`,`description`) VALUES ('NG','Nigeria');
INSERT INTO `COUNTRY` (`code`,`description`) VALUES ('NO','Noruega');
INSERT INTO `COUNTRY` (`code`,`description`) VALUES ('NC','Nueva Caledonia');
INSERT INTO `COUNTRY` (`code`,`description`) VALUES ('NZ','Nueva Zelanda');
INSERT INTO `COUNTRY` (`code`,`description`) VALUES ('OM','Omán');
INSERT INTO `COUNTRY` (`code`,`description`) VALUES ('PK','Pakistán');
INSERT INTO `COUNTRY` (`code`,`description`) VALUES ('PW','Palau');
INSERT INTO `COUNTRY` (`code`,`description`) VALUES ('PA','Panamá');
INSERT INTO `COUNTRY` (`code`,`description`) VALUES ('PG','Papúa-Nueva Guinea');
INSERT INTO `COUNTRY` (`code`,`description`) VALUES ('PY','Paraguay');
INSERT INTO `COUNTRY` (`code`,`description`) VALUES ('PE','Peru');
INSERT INTO `COUNTRY` (`code`,`description`) VALUES ('PF','Polinesia Francesa');
INSERT INTO `COUNTRY` (`code`,`description`) VALUES ('PL','Polonia');
INSERT INTO `COUNTRY` (`code`,`description`) VALUES ('PT','Portugal');
INSERT INTO `COUNTRY` (`code`,`description`) VALUES ('PR','Puerto Rico');
INSERT INTO `COUNTRY` (`code`,`description`) VALUES ('QA','Qatar');
INSERT INTO `COUNTRY` (`code`,`description`) VALUES ('GB','Reino Unido');
INSERT INTO `COUNTRY` (`code`,`description`) VALUES ('EH','República Árabe Saharaui Democrática');
INSERT INTO `COUNTRY` (`code`,`description`) VALUES ('CF','República Centroafricana');
INSERT INTO `COUNTRY` (`code`,`description`) VALUES ('CZ','República Checa');
INSERT INTO `COUNTRY` (`code`,`description`) VALUES ('SS','República de Sudán del Sur');
INSERT INTO `COUNTRY` (`code`,`description`) VALUES ('CD','República Democrática del Congo');
INSERT INTO `COUNTRY` (`code`,`description`) VALUES ('DO','República Dominicana');
INSERT INTO `COUNTRY` (`code`,`description`) VALUES ('CN','República Popular China');
INSERT INTO `COUNTRY` (`code`,`description`) VALUES ('RE','Reunión');
INSERT INTO `COUNTRY` (`code`,`description`) VALUES ('RW','Ruanda');
INSERT INTO `COUNTRY` (`code`,`description`) VALUES ('RO','Rumanía');
INSERT INTO `COUNTRY` (`code`,`description`) VALUES ('RU','Rusia');
INSERT INTO `COUNTRY` (`code`,`description`) VALUES ('WS','Samoa');
INSERT INTO `COUNTRY` (`code`,`description`) VALUES ('AS','Samoa Americana');
INSERT INTO `COUNTRY` (`code`,`description`) VALUES ('BL','San Bartolomé');
INSERT INTO `COUNTRY` (`code`,`description`) VALUES ('KN','San Cristóbal y Nieves');
INSERT INTO `COUNTRY` (`code`,`description`) VALUES ('SM','San Marino');
INSERT INTO `COUNTRY` (`code`,`description`) VALUES ('MF','San Martín');
INSERT INTO `COUNTRY` (`code`,`description`) VALUES ('PM','San Pedro y Miquelón');
INSERT INTO `COUNTRY` (`code`,`description`) VALUES ('VC','San Vicente y las Granadinas');
INSERT INTO `COUNTRY` (`code`,`description`) VALUES ('SH','Santa Elena');
INSERT INTO `COUNTRY` (`code`,`description`) VALUES ('LC','Santa Lucía');
INSERT INTO `COUNTRY` (`code`,`description`) VALUES ('ST','Santo Tomé y Príncipe');
INSERT INTO `COUNTRY` (`code`,`description`) VALUES ('SN','Senegal');
INSERT INTO `COUNTRY` (`code`,`description`) VALUES ('RS','Serbia');
INSERT INTO `COUNTRY` (`code`,`description`) VALUES ('SC','Seychelles');
INSERT INTO `COUNTRY` (`code`,`description`) VALUES ('SL','Sierra Leona');
INSERT INTO `COUNTRY` (`code`,`description`) VALUES ('SG','Singapur');
INSERT INTO `COUNTRY` (`code`,`description`) VALUES ('SX','Sint Maarten');
INSERT INTO `COUNTRY` (`code`,`description`) VALUES ('SO','Somalia');
INSERT INTO `COUNTRY` (`code`,`description`) VALUES ('LK','Sri Lanka');
INSERT INTO `COUNTRY` (`code`,`description`) VALUES ('SZ','Suazilandia');
INSERT INTO `COUNTRY` (`code`,`description`) VALUES ('ZA','Sudáfrica');
INSERT INTO `COUNTRY` (`code`,`description`) VALUES ('SD','Sudán');
INSERT INTO `COUNTRY` (`code`,`description`) VALUES ('SE','Suecia');
INSERT INTO `COUNTRY` (`code`,`description`) VALUES ('CH','Suiza');
INSERT INTO `COUNTRY` (`code`,`description`) VALUES ('SR','Surinam');
INSERT INTO `COUNTRY` (`code`,`description`) VALUES ('SJ','Svalbard y Jan Mayen');
INSERT INTO `COUNTRY` (`code`,`description`) VALUES ('TH','Tailandia');
INSERT INTO `COUNTRY` (`code`,`description`) VALUES ('TW','Taiwán');
INSERT INTO `COUNTRY` (`code`,`description`) VALUES ('TZ','Tanzania');
INSERT INTO `COUNTRY` (`code`,`description`) VALUES ('TJ','Tayikistán');
INSERT INTO `COUNTRY` (`code`,`description`) VALUES ('IO','Territorio Británico del Océano Índico');
INSERT INTO `COUNTRY` (`code`,`description`) VALUES ('TF','Territorios Australes Franceses');
INSERT INTO `COUNTRY` (`code`,`description`) VALUES ('PS','Territorios Palestinos');
INSERT INTO `COUNTRY` (`code`,`description`) VALUES ('TL','Timor Oriental');
INSERT INTO `COUNTRY` (`code`,`description`) VALUES ('TG','Togo');
INSERT INTO `COUNTRY` (`code`,`description`) VALUES ('TK','Tokelau');
INSERT INTO `COUNTRY` (`code`,`description`) VALUES ('TO','Tonga');
INSERT INTO `COUNTRY` (`code`,`description`) VALUES ('TT','Trinidad y Tobago');
INSERT INTO `COUNTRY` (`code`,`description`) VALUES ('TN','Túnez');
INSERT INTO `COUNTRY` (`code`,`description`) VALUES ('TM','Turkmenistán');
INSERT INTO `COUNTRY` (`code`,`description`) VALUES ('TR','Turquía');
INSERT INTO `COUNTRY` (`code`,`description`) VALUES ('TV','Tuvalu');
INSERT INTO `COUNTRY` (`code`,`description`) VALUES ('UA','Ucrania');
INSERT INTO `COUNTRY` (`code`,`description`) VALUES ('UG','Uganda');
INSERT INTO `COUNTRY` (`code`,`description`) VALUES ('UY','Uruguay');
INSERT INTO `COUNTRY` (`code`,`description`) VALUES ('UZ','Uzbekistán');
INSERT INTO `COUNTRY` (`code`,`description`) VALUES ('VU','Vanuatu');
INSERT INTO `COUNTRY` (`code`,`description`) VALUES ('VE','Venezuela');
INSERT INTO `COUNTRY` (`code`,`description`) VALUES ('VN','Vietnam');
INSERT INTO `COUNTRY` (`code`,`description`) VALUES ('WF','Wallis y Futuna');
INSERT INTO `COUNTRY` (`code`,`description`) VALUES ('YE','Yemen');
INSERT INTO `COUNTRY` (`code`,`description`) VALUES ('DJ','Yibuti');
INSERT INTO `COUNTRY` (`code`,`description`) VALUES ('ZM','Zambia');
INSERT INTO `COUNTRY` (`code`,`description`) VALUES ('ZW','Zimbawe');

create table ORACLE_LEGAL_ENTITY_FOR_INVOICING (ID bigint not null auto_increment, RULE_START_DATE DATETIME, CHANNEL varchar(50) not null, COUNTRY_CODE varchar(10) not null, PRODUCT_TYPE varchar(50) not null, LEGAL_ENTITY_ID bigint, primary key (ID)) ENGINE=InnoDB;
create table ORACLE_LEGAL_ENTITY_FOR_INVOICING_AUD (ID bigint not null, REV integer not null, REVTYPE tinyint, RULE_START_DATE DATETIME, CHANNEL varchar(50), COUNTRY_CODE varchar(10), PRODUCT_TYPE varchar(50), LEGAL_ENTITY_ID bigint, primary key (ID, REV)) ENGINE=InnoDB;

alter table ORACLE_LEGAL_ENTITY_FOR_INVOICING add constraint IDX_ORACLE_FOR_INVOICING  unique (COUNTRY_CODE, CHANNEL, PRODUCT_TYPE);
alter table ORACLE_LEGAL_ENTITY_FOR_INVOICING add constraint FK_LEGAL_ENTITY_FOR_INVOICING foreign key (LEGAL_ENTITY_ID) references LEGAL_ENTITY (ID);
alter table ORACLE_LEGAL_ENTITY_FOR_INVOICING_AUD add constraint FK_ORACLE_LEGAL_ENTITY_FOR_INVOICING_AUD foreign key (REV) references REVINFO (id);


INSERT INTO `LEGAL_ENTITY` (`ID`,`CREATED_BY`,`CREATED_DATE`,`UPDATED_BY`,`UPDATED_DATE`,`CODE`,`DESCRIPTION`,`ENABLED`,`OPERATIONAL`,`TAXPAYER_ID`,`COUNTRY_ID`) VALUES (1,NULL,'2016-09-07 15:33:53',NULL,'2016-09-07 16:20:02','LE001','Servicios Online S.A.S Despegar.com',false,true,'1792332753001',6);
INSERT INTO `LEGAL_ENTITY` (`ID`,`CREATED_BY`,`CREATED_DATE`,`UPDATED_BY`,`UPDATED_DATE`,`CODE`,`DESCRIPTION`,`ENABLED`,`OPERATIONAL`,`TAXPAYER_ID`,`COUNTRY_ID`) VALUES (2,NULL,'2016-09-07 16:21:00',NULL,'2016-09-07 16:21:27','LE002','La Inc S.A',false,false,'30712329404',1);
INSERT INTO `LEGAL_ENTITY` (`ID`,`CREATED_BY`,`CREATED_DATE`,`UPDATED_BY`,`UPDATED_DATE`,`CODE`,`DESCRIPTION`,`ENABLED`,`OPERATIONAL`,`TAXPAYER_ID`,`COUNTRY_ID`) VALUES (3,NULL,'2016-09-07 16:22:04',NULL,'2016-09-13 19:33:59','LE003','DESPEGAR COLOMBIA SAS',true,true,'9006105185',4);
INSERT INTO `LEGAL_ENTITY` (`ID`,`CREATED_BY`,`CREATED_DATE`,`UPDATED_BY`,`UPDATED_DATE`,`CODE`,`DESCRIPTION`,`ENABLED`,`OPERATIONAL`,`TAXPAYER_ID`,`COUNTRY_ID`) VALUES (4,NULL,'2016-09-07 16:24:14',NULL,'2016-09-30 19:45:59','LE004','Decolar.com Ltda',true,true,'03563689000231',3);
INSERT INTO `LEGAL_ENTITY` (`ID`,`CREATED_BY`,`CREATED_DATE`,`UPDATED_BY`,`UPDATED_DATE`,`CODE`,`DESCRIPTION`,`ENABLED`,`OPERATIONAL`,`TAXPAYER_ID`,`COUNTRY_ID`) VALUES (5,NULL,'2016-09-07 16:26:15',NULL,'2016-09-09 19:55:54','LE005','Servicios Online S.A.S (Colombia)',false,true,'9003305001',4);
INSERT INTO `LEGAL_ENTITY` (`ID`,`CREATED_BY`,`CREATED_DATE`,`UPDATED_BY`,`UPDATED_DATE`,`CODE`,`DESCRIPTION`,`ENABLED`,`OPERATIONAL`,`TAXPAYER_ID`,`COUNTRY_ID`) VALUES (6,NULL,'2016-09-07 16:27:42',NULL,'2016-09-07 16:27:42','LE006','Despegar.com.ar SA',true,true,'30701307115',1);
INSERT INTO `LEGAL_ENTITY` (`ID`,`CREATED_BY`,`CREATED_DATE`,`UPDATED_BY`,`UPDATED_DATE`,`CODE`,`DESCRIPTION`,`ENABLED`,`OPERATIONAL`,`TAXPAYER_ID`,`COUNTRY_ID`) VALUES (7,NULL,'2016-09-07 16:30:44',NULL,'2016-09-07 16:30:44','LE007','Despegar.com Perú SAC',false,false,'20544547756',10);
INSERT INTO `LEGAL_ENTITY` (`ID`,`CREATED_BY`,`CREATED_DATE`,`UPDATED_BY`,`UPDATED_DATE`,`CODE`,`DESCRIPTION`,`ENABLED`,`OPERATIONAL`,`TAXPAYER_ID`,`COUNTRY_ID`) VALUES (8,NULL,'2016-09-07 16:31:12',NULL,'2016-09-09 18:39:56','LE008','Servicios On Line 3351 de Venezuela, C.A',false,false,'RIFJ298513853',12);
INSERT INTO `LEGAL_ENTITY` (`ID`,`CREATED_BY`,`CREATED_DATE`,`UPDATED_BY`,`UPDATED_DATE`,`CODE`,`DESCRIPTION`,`ENABLED`,`OPERATIONAL`,`TAXPAYER_ID`,`COUNTRY_ID`) VALUES (9,NULL,'2016-09-07 16:31:38',NULL,'2016-09-20 21:27:08','LE009','Despegar Servicios S.A  de C.V',true,false,'DSE060809268',9);
INSERT INTO `LEGAL_ENTITY` (`ID`,`CREATED_BY`,`CREATED_DATE`,`UPDATED_BY`,`UPDATED_DATE`,`CODE`,`DESCRIPTION`,`ENABLED`,`OPERATIONAL`,`TAXPAYER_ID`,`COUNTRY_ID`) VALUES (10,NULL,'2016-09-07 16:32:11',NULL,'2016-09-07 16:32:11','LE010','Despegar.com México S.A de C.V.',true,true,'DCM000125IY6',9);
INSERT INTO `LEGAL_ENTITY` (`ID`,`CREATED_BY`,`CREATED_DATE`,`UPDATED_BY`,`UPDATED_DATE`,`CODE`,`DESCRIPTION`,`ENABLED`,`OPERATIONAL`,`TAXPAYER_ID`,`COUNTRY_ID`) VALUES (11,NULL,'2016-09-07 16:32:48',NULL,'2016-09-07 16:32:48','LE011','Desomproc S.L.',false,false,'B86743671',7);
INSERT INTO `LEGAL_ENTITY` (`ID`,`CREATED_BY`,`CREATED_DATE`,`UPDATED_BY`,`UPDATED_DATE`,`CODE`,`DESCRIPTION`,`ENABLED`,`OPERATIONAL`,`TAXPAYER_ID`,`COUNTRY_ID`) VALUES (12,NULL,'2016-09-07 16:33:10',NULL,'2016-09-07 16:33:10','LE012','Despegar Barbados International LTD',false,false,'37261',2);
INSERT INTO `LEGAL_ENTITY` (`ID`,`CREATED_BY`,`CREATED_DATE`,`UPDATED_BY`,`UPDATED_DATE`,`CODE`,`DESCRIPTION`,`ENABLED`,`OPERATIONAL`,`TAXPAYER_ID`,`COUNTRY_ID`) VALUES (13,NULL,'2016-09-07 16:33:35',NULL,'2016-09-09 18:40:02','LE013','Despegar_INC',false,false,'EIN980215773',8);
INSERT INTO `LEGAL_ENTITY` (`ID`,`CREATED_BY`,`CREATED_DATE`,`UPDATED_BY`,`UPDATED_DATE`,`CODE`,`DESCRIPTION`,`ENABLED`,`OPERATIONAL`,`TAXPAYER_ID`,`COUNTRY_ID`) VALUES (14,NULL,'2016-09-07 16:33:55',NULL,'2016-09-07 16:34:40','LE014','HOLIDAYS S.A.',false,true,'217265520018',11);
INSERT INTO `LEGAL_ENTITY` (`ID`,`CREATED_BY`,`CREATED_DATE`,`UPDATED_BY`,`UPDATED_DATE`,`CODE`,`DESCRIPTION`,`ENABLED`,`OPERATIONAL`,`TAXPAYER_ID`,`COUNTRY_ID`) VALUES (15,NULL,'2016-09-07 16:34:30',NULL,'2016-09-07 16:34:30','LE015','Despegar.com Chile S.A',false,true,'969078309',5);
INSERT INTO `LEGAL_ENTITY` (`ID`,`CREATED_BY`,`CREATED_DATE`,`UPDATED_BY`,`UPDATED_DATE`,`CODE`,`DESCRIPTION`,`ENABLED`,`OPERATIONAL`,`TAXPAYER_ID`,`COUNTRY_ID`) VALUES (16,NULL,'2016-09-07 16:35:09',NULL,'2016-09-07 16:35:09','LE016','Viajo.com Argentina S.A',false,false,'30706057567',1);
INSERT INTO `LEGAL_ENTITY` (`ID`,`CREATED_BY`,`CREATED_DATE`,`UPDATED_BY`,`UPDATED_DATE`,`CODE`,`DESCRIPTION`,`ENABLED`,`OPERATIONAL`,`TAXPAYER_ID`,`COUNTRY_ID`) VALUES (17,NULL,'2016-09-07 16:35:34',NULL,'2016-09-09 18:40:23','LE017','Viajo.com do Brasil Ag. Viagens Ltda',false,false,'03413634000164',3);
INSERT INTO `LEGAL_ENTITY` (`ID`,`CREATED_BY`,`CREATED_DATE`,`UPDATED_BY`,`UPDATED_DATE`,`CODE`,`DESCRIPTION`,`ENABLED`,`OPERATIONAL`,`TAXPAYER_ID`,`COUNTRY_ID`) VALUES (18,NULL,'2016-09-07 16:36:03',NULL,'2016-09-07 16:36:03','LE018','Travel Reservations SRL',true,true,'216232590019',11);
INSERT INTO `LEGAL_ENTITY` (`ID`,`CREATED_BY`,`CREATED_DATE`,`UPDATED_BY`,`UPDATED_DATE`,`CODE`,`DESCRIPTION`,`ENABLED`,`OPERATIONAL`,`TAXPAYER_ID`,`COUNTRY_ID`) VALUES (19,NULL,'2016-09-07 16:36:32',NULL,'2016-09-21 21:24:54','LE019','Despegar.com USA, Inc.',false,false,'EIN651011884',8);

INSERT INTO `REVINFO` (`id`,`timestamp`,`AUDITOR_USERNAME`) VALUES (1,1473273233869,'operador3.ar');
INSERT INTO `REVINFO` (`id`,`timestamp`,`AUDITOR_USERNAME`) VALUES (2,1473275978927,'operador3.ar');
INSERT INTO `REVINFO` (`id`,`timestamp`,`AUDITOR_USERNAME`) VALUES (3,1473275986753,'operador3.ar');
INSERT INTO `REVINFO` (`id`,`timestamp`,`AUDITOR_USERNAME`) VALUES (4,1473275994059,'operador3.ar');
INSERT INTO `REVINFO` (`id`,`timestamp`,`AUDITOR_USERNAME`) VALUES (5,1473276002066,'operador3.ar');
INSERT INTO `REVINFO` (`id`,`timestamp`,`AUDITOR_USERNAME`) VALUES (6,1473276060393,'operador3.ar');
INSERT INTO `REVINFO` (`id`,`timestamp`,`AUDITOR_USERNAME`) VALUES (7,1473276083894,'operador3.ar');
INSERT INTO `REVINFO` (`id`,`timestamp`,`AUDITOR_USERNAME`) VALUES (8,1473276087070,'operador3.ar');
INSERT INTO `REVINFO` (`id`,`timestamp`,`AUDITOR_USERNAME`) VALUES (9,1473276124605,'operador3.ar');
INSERT INTO `REVINFO` (`id`,`timestamp`,`AUDITOR_USERNAME`) VALUES (10,1473276254447,'operador3.ar');
INSERT INTO `REVINFO` (`id`,`timestamp`,`AUDITOR_USERNAME`) VALUES (11,1473276375259,'operador3.ar');
INSERT INTO `REVINFO` (`id`,`timestamp`,`AUDITOR_USERNAME`) VALUES (12,1473276462844,'operador3.ar');
INSERT INTO `REVINFO` (`id`,`timestamp`,`AUDITOR_USERNAME`) VALUES (13,1473276644940,'operador3.ar');
INSERT INTO `REVINFO` (`id`,`timestamp`,`AUDITOR_USERNAME`) VALUES (14,1473276672523,'operador3.ar');
INSERT INTO `REVINFO` (`id`,`timestamp`,`AUDITOR_USERNAME`) VALUES (15,1473276698774,'operador3.ar');
INSERT INTO `REVINFO` (`id`,`timestamp`,`AUDITOR_USERNAME`) VALUES (16,1473276731437,'operador3.ar');
INSERT INTO `REVINFO` (`id`,`timestamp`,`AUDITOR_USERNAME`) VALUES (17,1473276768594,'operador3.ar');
INSERT INTO `REVINFO` (`id`,`timestamp`,`AUDITOR_USERNAME`) VALUES (18,1473276790899,'operador3.ar');
INSERT INTO `REVINFO` (`id`,`timestamp`,`AUDITOR_USERNAME`) VALUES (19,1473276815382,'operador3.ar');
INSERT INTO `REVINFO` (`id`,`timestamp`,`AUDITOR_USERNAME`) VALUES (20,1473276835584,'operador3.ar');
INSERT INTO `REVINFO` (`id`,`timestamp`,`AUDITOR_USERNAME`) VALUES (21,1473276870379,'operador3.ar');
INSERT INTO `REVINFO` (`id`,`timestamp`,`AUDITOR_USERNAME`) VALUES (22,1473276880331,'operador3.ar');
INSERT INTO `REVINFO` (`id`,`timestamp`,`AUDITOR_USERNAME`) VALUES (23,1473276909776,'operador3.ar');
INSERT INTO `REVINFO` (`id`,`timestamp`,`AUDITOR_USERNAME`) VALUES (24,1473276934066,'operador3.ar');
INSERT INTO `REVINFO` (`id`,`timestamp`,`AUDITOR_USERNAME`) VALUES (25,1473276963337,'operador3.ar');
INSERT INTO `REVINFO` (`id`,`timestamp`,`AUDITOR_USERNAME`) VALUES (26,1473276992015,'operador3.ar');


INSERT INTO `LEGAL_ENTITY_AUD` (`ID`,`REV`,`REVTYPE`,`CREATED_BY`,`CREATED_DATE`,`UPDATED_BY`,`UPDATED_DATE`,`CODE`,`DESCRIPTION`,`ENABLED`,`OPERATIONAL`,`TAXPAYER_ID`,`COUNTRY_ID`) VALUES (1,1,0,NULL,'2016-09-07 15:33:53',NULL,'2016-09-07 15:33:53','LE001','Servicios Online S.A.S Despegar.com',false,true,'1792332753001',6);
INSERT INTO `LEGAL_ENTITY_AUD` (`ID`,`REV`,`REVTYPE`,`CREATED_BY`,`CREATED_DATE`,`UPDATED_BY`,`UPDATED_DATE`,`CODE`,`DESCRIPTION`,`ENABLED`,`OPERATIONAL`,`TAXPAYER_ID`,`COUNTRY_ID`) VALUES (1,2,1,NULL,'2016-09-07 15:33:53',NULL,'2016-09-07 16:19:33','LE001','Servicios Online S.A.S Despegar.com',false,true,'1792332753001',4);
INSERT INTO `LEGAL_ENTITY_AUD` (`ID`,`REV`,`REVTYPE`,`CREATED_BY`,`CREATED_DATE`,`UPDATED_BY`,`UPDATED_DATE`,`CODE`,`DESCRIPTION`,`ENABLED`,`OPERATIONAL`,`TAXPAYER_ID`,`COUNTRY_ID`) VALUES (1,3,1,NULL,'2016-09-07 15:33:53',NULL,'2016-09-07 16:19:46','LE001','Servicios Online S.A.S Despegar.com',false,true,'1792332753001',6);
INSERT INTO `LEGAL_ENTITY_AUD` (`ID`,`REV`,`REVTYPE`,`CREATED_BY`,`CREATED_DATE`,`UPDATED_BY`,`UPDATED_DATE`,`CODE`,`DESCRIPTION`,`ENABLED`,`OPERATIONAL`,`TAXPAYER_ID`,`COUNTRY_ID`) VALUES (1,4,1,NULL,'2016-09-07 15:33:53',NULL,'2016-09-07 16:19:54','LE001','Servicios Online S.A.S Despegar.com',false,true,'1792332753001',1);
INSERT INTO `LEGAL_ENTITY_AUD` (`ID`,`REV`,`REVTYPE`,`CREATED_BY`,`CREATED_DATE`,`UPDATED_BY`,`UPDATED_DATE`,`CODE`,`DESCRIPTION`,`ENABLED`,`OPERATIONAL`,`TAXPAYER_ID`,`COUNTRY_ID`) VALUES (1,5,1,NULL,'2016-09-07 15:33:53',NULL,'2016-09-07 16:20:02','LE001','Servicios Online S.A.S Despegar.com',false,true,'1792332753001',6);
INSERT INTO `LEGAL_ENTITY_AUD` (`ID`,`REV`,`REVTYPE`,`CREATED_BY`,`CREATED_DATE`,`UPDATED_BY`,`UPDATED_DATE`,`CODE`,`DESCRIPTION`,`ENABLED`,`OPERATIONAL`,`TAXPAYER_ID`,`COUNTRY_ID`) VALUES (2,6,0,NULL,'2016-09-07 16:21:00',NULL,'2016-09-07 16:21:00','LE002','La Inc S.A',false,false,'30712329404',1);
INSERT INTO `LEGAL_ENTITY_AUD` (`ID`,`REV`,`REVTYPE`,`CREATED_BY`,`CREATED_DATE`,`UPDATED_BY`,`UPDATED_DATE`,`CODE`,`DESCRIPTION`,`ENABLED`,`OPERATIONAL`,`TAXPAYER_ID`,`COUNTRY_ID`) VALUES (2,7,1,NULL,'2016-09-07 16:21:00',NULL,'2016-09-07 16:21:23','LE002','La Inc S.A',false,true,'30712329404',1);
INSERT INTO `LEGAL_ENTITY_AUD` (`ID`,`REV`,`REVTYPE`,`CREATED_BY`,`CREATED_DATE`,`UPDATED_BY`,`UPDATED_DATE`,`CODE`,`DESCRIPTION`,`ENABLED`,`OPERATIONAL`,`TAXPAYER_ID`,`COUNTRY_ID`) VALUES (2,8,1,NULL,'2016-09-07 16:21:00',NULL,'2016-09-07 16:21:27','LE002','La Inc S.A',false,false,'30712329404',1);
INSERT INTO `LEGAL_ENTITY_AUD` (`ID`,`REV`,`REVTYPE`,`CREATED_BY`,`CREATED_DATE`,`UPDATED_BY`,`UPDATED_DATE`,`CODE`,`DESCRIPTION`,`ENABLED`,`OPERATIONAL`,`TAXPAYER_ID`,`COUNTRY_ID`) VALUES (3,9,0,NULL,'2016-09-07 16:22:04',NULL,'2016-09-07 16:22:04','LE003','DESPEGAR COLOMBIA SAS',false,true,'9006105185',4);
INSERT INTO `LEGAL_ENTITY_AUD` (`ID`,`REV`,`REVTYPE`,`CREATED_BY`,`CREATED_DATE`,`UPDATED_BY`,`UPDATED_DATE`,`CODE`,`DESCRIPTION`,`ENABLED`,`OPERATIONAL`,`TAXPAYER_ID`,`COUNTRY_ID`) VALUES (4,10,0,NULL,'2016-09-07 16:24:14',NULL,'2016-09-07 16:24:14','LE004','Decolar.com Ltda',false,true,'03563689000231',3);
INSERT INTO `LEGAL_ENTITY_AUD` (`ID`,`REV`,`REVTYPE`,`CREATED_BY`,`CREATED_DATE`,`UPDATED_BY`,`UPDATED_DATE`,`CODE`,`DESCRIPTION`,`ENABLED`,`OPERATIONAL`,`TAXPAYER_ID`,`COUNTRY_ID`) VALUES (5,11,0,NULL,'2016-09-07 16:26:15',NULL,'2016-09-07 16:26:15','LE005','Servicios Online S.A.S (Colombia)',false,true,'9003305001',4);
INSERT INTO `LEGAL_ENTITY_AUD` (`ID`,`REV`,`REVTYPE`,`CREATED_BY`,`CREATED_DATE`,`UPDATED_BY`,`UPDATED_DATE`,`CODE`,`DESCRIPTION`,`ENABLED`,`OPERATIONAL`,`TAXPAYER_ID`,`COUNTRY_ID`) VALUES (6,12,0,NULL,'2016-09-07 16:27:42',NULL,'2016-09-07 16:27:42','LE006','Despegar.com.ar SA',false,true,'30701307115',1);
INSERT INTO `LEGAL_ENTITY_AUD` (`ID`,`REV`,`REVTYPE`,`CREATED_BY`,`CREATED_DATE`,`UPDATED_BY`,`UPDATED_DATE`,`CODE`,`DESCRIPTION`,`ENABLED`,`OPERATIONAL`,`TAXPAYER_ID`,`COUNTRY_ID`) VALUES (7,13,0,NULL,'2016-09-07 16:30:44',NULL,'2016-09-07 16:30:44','LE007','Despegar.com Perú SAC',false,false,'20544547756',10);
INSERT INTO `LEGAL_ENTITY_AUD` (`ID`,`REV`,`REVTYPE`,`CREATED_BY`,`CREATED_DATE`,`UPDATED_BY`,`UPDATED_DATE`,`CODE`,`DESCRIPTION`,`ENABLED`,`OPERATIONAL`,`TAXPAYER_ID`,`COUNTRY_ID`) VALUES (8,14,0,NULL,'2016-09-07 16:31:12',NULL,'2016-09-07 16:31:12','LE008','Servicios On Line 3351 de Venezuela, C.A',false,false,'RIFJ298513853',12);
INSERT INTO `LEGAL_ENTITY_AUD` (`ID`,`REV`,`REVTYPE`,`CREATED_BY`,`CREATED_DATE`,`UPDATED_BY`,`UPDATED_DATE`,`CODE`,`DESCRIPTION`,`ENABLED`,`OPERATIONAL`,`TAXPAYER_ID`,`COUNTRY_ID`) VALUES (9,15,0,NULL,'2016-09-07 16:31:38',NULL,'2016-09-07 16:31:38','LE009','Despegar Servicios S.A  de C.V',false,false,'AAA010101AAA',9);
INSERT INTO `LEGAL_ENTITY_AUD` (`ID`,`REV`,`REVTYPE`,`CREATED_BY`,`CREATED_DATE`,`UPDATED_BY`,`UPDATED_DATE`,`CODE`,`DESCRIPTION`,`ENABLED`,`OPERATIONAL`,`TAXPAYER_ID`,`COUNTRY_ID`) VALUES (10,16,0,NULL,'2016-09-07 16:32:11',NULL,'2016-09-07 16:32:11','LE010','Despegar.com México S.A de C.V.',false,true,'DCM000125IY6',9);
INSERT INTO `LEGAL_ENTITY_AUD` (`ID`,`REV`,`REVTYPE`,`CREATED_BY`,`CREATED_DATE`,`UPDATED_BY`,`UPDATED_DATE`,`CODE`,`DESCRIPTION`,`ENABLED`,`OPERATIONAL`,`TAXPAYER_ID`,`COUNTRY_ID`) VALUES (11,17,0,NULL,'2016-09-07 16:32:48',NULL,'2016-09-07 16:32:48','LE011','Desomproc S.L.',false,false,'B86743671',7);
INSERT INTO `LEGAL_ENTITY_AUD` (`ID`,`REV`,`REVTYPE`,`CREATED_BY`,`CREATED_DATE`,`UPDATED_BY`,`UPDATED_DATE`,`CODE`,`DESCRIPTION`,`ENABLED`,`OPERATIONAL`,`TAXPAYER_ID`,`COUNTRY_ID`) VALUES (12,18,0,NULL,'2016-09-07 16:33:10',NULL,'2016-09-07 16:33:10','LE012','Despegar Barbados International LTD',false,false,'37261',2);
INSERT INTO `LEGAL_ENTITY_AUD` (`ID`,`REV`,`REVTYPE`,`CREATED_BY`,`CREATED_DATE`,`UPDATED_BY`,`UPDATED_DATE`,`CODE`,`DESCRIPTION`,`ENABLED`,`OPERATIONAL`,`TAXPAYER_ID`,`COUNTRY_ID`) VALUES (13,19,0,NULL,'2016-09-07 16:33:35',NULL,'2016-09-07 16:33:35','LE013','Despegar_INC',false,false,'EIN 98-0215773',8);
INSERT INTO `LEGAL_ENTITY_AUD` (`ID`,`REV`,`REVTYPE`,`CREATED_BY`,`CREATED_DATE`,`UPDATED_BY`,`UPDATED_DATE`,`CODE`,`DESCRIPTION`,`ENABLED`,`OPERATIONAL`,`TAXPAYER_ID`,`COUNTRY_ID`) VALUES (14,20,0,NULL,'2016-09-07 16:33:55',NULL,'2016-09-07 16:33:55','LE014','HOLIDAYS S.A.',false,false,'217265520018',11);
INSERT INTO `LEGAL_ENTITY_AUD` (`ID`,`REV`,`REVTYPE`,`CREATED_BY`,`CREATED_DATE`,`UPDATED_BY`,`UPDATED_DATE`,`CODE`,`DESCRIPTION`,`ENABLED`,`OPERATIONAL`,`TAXPAYER_ID`,`COUNTRY_ID`) VALUES (14,22,1,NULL,'2016-09-07 16:33:55',NULL,'2016-09-07 16:34:40','LE014','HOLIDAYS S.A.',false,true,'217265520018',11);
INSERT INTO `LEGAL_ENTITY_AUD` (`ID`,`REV`,`REVTYPE`,`CREATED_BY`,`CREATED_DATE`,`UPDATED_BY`,`UPDATED_DATE`,`CODE`,`DESCRIPTION`,`ENABLED`,`OPERATIONAL`,`TAXPAYER_ID`,`COUNTRY_ID`) VALUES (15,21,0,NULL,'2016-09-07 16:34:30',NULL,'2016-09-07 16:34:30','LE015','Despegar.com Chile S.A',false,true,'969078309',5);
INSERT INTO `LEGAL_ENTITY_AUD` (`ID`,`REV`,`REVTYPE`,`CREATED_BY`,`CREATED_DATE`,`UPDATED_BY`,`UPDATED_DATE`,`CODE`,`DESCRIPTION`,`ENABLED`,`OPERATIONAL`,`TAXPAYER_ID`,`COUNTRY_ID`) VALUES (16,23,0,NULL,'2016-09-07 16:35:09',NULL,'2016-09-07 16:35:09','LE016','Viajo.com Argentina S.A',false,false,'30706057567',1);
INSERT INTO `LEGAL_ENTITY_AUD` (`ID`,`REV`,`REVTYPE`,`CREATED_BY`,`CREATED_DATE`,`UPDATED_BY`,`UPDATED_DATE`,`CODE`,`DESCRIPTION`,`ENABLED`,`OPERATIONAL`,`TAXPAYER_ID`,`COUNTRY_ID`) VALUES (17,24,0,NULL,'2016-09-07 16:35:34',NULL,'2016-09-07 16:35:34','LE017','Viajo.com do Brasil Ag. Viagens Ltda',false,false,'03413634000164',3);
INSERT INTO `LEGAL_ENTITY_AUD` (`ID`,`REV`,`REVTYPE`,`CREATED_BY`,`CREATED_DATE`,`UPDATED_BY`,`UPDATED_DATE`,`CODE`,`DESCRIPTION`,`ENABLED`,`OPERATIONAL`,`TAXPAYER_ID`,`COUNTRY_ID`) VALUES (18,25,0,NULL,'2016-09-07 16:36:03',NULL,'2016-09-07 16:36:03','LE018','Travel Reservations SRL',false,true,'216232590019',11);
INSERT INTO `LEGAL_ENTITY_AUD` (`ID`,`REV`,`REVTYPE`,`CREATED_BY`,`CREATED_DATE`,`UPDATED_BY`,`UPDATED_DATE`,`CODE`,`DESCRIPTION`,`ENABLED`,`OPERATIONAL`,`TAXPAYER_ID`,`COUNTRY_ID`) VALUES (19,26,0,NULL,'2016-09-07 16:36:32',NULL,'2016-09-07 16:36:32','LE019','Despegar.com USA, Inc.',false,false,'EIN651011884',8);

INSERT INTO `ORACLE_LEGAL_ENTITY_FOR_INVOICING` (`ID`,`RULE_START_DATE`,`CHANNEL`,`COUNTRY_CODE`,`CREATED_DATE`,`PRODUCT_TYPE`,`UPDATED_DATE`,`LEGAL_ENTITY_ID`) VALUES (2,'2016-10-05 00:00:00','LOCAL','AR','2016-10-05 21:05:44','HOTEL','2016-10-05 21:05:44',6);
INSERT INTO `ORACLE_LEGAL_ENTITY_FOR_INVOICING` (`ID`,`RULE_START_DATE`,`CHANNEL`,`COUNTRY_CODE`,`CREATED_DATE`,`PRODUCT_TYPE`,`UPDATED_DATE`,`LEGAL_ENTITY_ID`) VALUES (3,'2016-10-05 00:00:00','LOCAL','BR','2016-10-05 21:06:27','HOTEL','2016-10-05 21:06:27',4);
INSERT INTO `ORACLE_LEGAL_ENTITY_FOR_INVOICING` (`ID`,`RULE_START_DATE`,`CHANNEL`,`COUNTRY_CODE`,`CREATED_DATE`,`PRODUCT_TYPE`,`UPDATED_DATE`,`LEGAL_ENTITY_ID`) VALUES (4,'2016-10-05 21:07:34','LOCAL','CL','2016-10-05 21:07:34','HOTEL','2016-10-05 21:07:34',15);
INSERT INTO `ORACLE_LEGAL_ENTITY_FOR_INVOICING` (`ID`,`RULE_START_DATE`,`CHANNEL`,`COUNTRY_CODE`,`CREATED_DATE`,`PRODUCT_TYPE`,`UPDATED_DATE`,`LEGAL_ENTITY_ID`) VALUES (5,'2016-10-05 00:00:00','LOCAL','CO','2016-10-05 21:07:58','HOTEL','2016-10-05 21:07:58',3);
INSERT INTO `ORACLE_LEGAL_ENTITY_FOR_INVOICING` (`ID`,`RULE_START_DATE`,`CHANNEL`,`COUNTRY_CODE`,`CREATED_DATE`,`PRODUCT_TYPE`,`UPDATED_DATE`,`LEGAL_ENTITY_ID`) VALUES (6,'2016-10-05 21:08:42','LOCAL','EC','2016-10-05 21:08:42','HOTEL','2016-10-05 21:08:42',1);
INSERT INTO `ORACLE_LEGAL_ENTITY_FOR_INVOICING` (`ID`,`RULE_START_DATE`,`CHANNEL`,`COUNTRY_CODE`,`CREATED_DATE`,`PRODUCT_TYPE`,`UPDATED_DATE`,`LEGAL_ENTITY_ID`) VALUES (7,'2016-10-05 21:10:07','LOCAL','MX','2016-10-05 21:10:07','HOTEL','2016-10-05 21:10:07',10);
INSERT INTO `ORACLE_LEGAL_ENTITY_FOR_INVOICING` (`ID`,`RULE_START_DATE`,`CHANNEL`,`COUNTRY_CODE`,`CREATED_DATE`,`PRODUCT_TYPE`,`UPDATED_DATE`,`LEGAL_ENTITY_ID`) VALUES (8,'2016-10-05 21:17:49','LOCAL','PE','2016-10-05 21:17:49','HOTEL','2016-10-05 21:17:49',7);
INSERT INTO `ORACLE_LEGAL_ENTITY_FOR_INVOICING` (`ID`,`RULE_START_DATE`,`CHANNEL`,`COUNTRY_CODE`,`CREATED_DATE`,`PRODUCT_TYPE`,`UPDATED_DATE`,`LEGAL_ENTITY_ID`) VALUES (9,'2016-10-05 21:18:41','LOCAL','VE','2016-10-05 21:18:41','HOTEL','2016-10-05 21:18:41',8);
INSERT INTO `ORACLE_LEGAL_ENTITY_FOR_INVOICING` (`ID`,`RULE_START_DATE`,`CHANNEL`,`COUNTRY_CODE`,`CREATED_DATE`,`PRODUCT_TYPE`,`UPDATED_DATE`,`LEGAL_ENTITY_ID`) VALUES (10,'2016-10-05 21:19:48','LOCAL','ES','2016-10-05 21:19:48','HOTEL','2016-10-05 21:19:48',11);
INSERT INTO `ORACLE_LEGAL_ENTITY_FOR_INVOICING` (`ID`,`RULE_START_DATE`,`CHANNEL`,`COUNTRY_CODE`,`CREATED_DATE`,`PRODUCT_TYPE`,`UPDATED_DATE`,`LEGAL_ENTITY_ID`) VALUES (11,'2016-10-05 21:21:04','INTERNATIONAL','UY','2016-10-05 21:21:04','HOTEL','2016-10-05 21:21:04',15);
INSERT INTO `ORACLE_LEGAL_ENTITY_FOR_INVOICING` (`ID`,`RULE_START_DATE`,`CHANNEL`,`COUNTRY_CODE`,`CREATED_DATE`,`PRODUCT_TYPE`,`UPDATED_DATE`,`LEGAL_ENTITY_ID`) VALUES (12,'2016-10-05 21:21:22','INTERNATIONAL','*','2016-10-05 21:21:22','HOTEL','2016-10-05 21:21:22',18);
INSERT INTO `ORACLE_LEGAL_ENTITY_FOR_INVOICING` (`ID`,`RULE_START_DATE`,`CHANNEL`,`COUNTRY_CODE`,`CREATED_DATE`,`PRODUCT_TYPE`,`UPDATED_DATE`,`LEGAL_ENTITY_ID`) VALUES (13,'2016-10-05 21:23:14','ALL','AR','2016-10-05 21:23:14','AUTO','2016-10-05 21:23:14',6);
INSERT INTO `ORACLE_LEGAL_ENTITY_FOR_INVOICING` (`ID`,`RULE_START_DATE`,`CHANNEL`,`COUNTRY_CODE`,`CREATED_DATE`,`PRODUCT_TYPE`,`UPDATED_DATE`,`LEGAL_ENTITY_ID`) VALUES (14,'2016-10-05 21:24:01','ALL','BR','2016-10-05 21:24:01','AUTO','2016-10-05 21:24:01',4);
INSERT INTO `ORACLE_LEGAL_ENTITY_FOR_INVOICING` (`ID`,`RULE_START_DATE`,`CHANNEL`,`COUNTRY_CODE`,`CREATED_DATE`,`PRODUCT_TYPE`,`UPDATED_DATE`,`LEGAL_ENTITY_ID`) VALUES (15,'2016-10-05 21:24:51','ALL','UY','2016-10-05 21:24:51','AUTO','2016-10-05 21:24:51',15);
INSERT INTO `ORACLE_LEGAL_ENTITY_FOR_INVOICING` (`ID`,`RULE_START_DATE`,`CHANNEL`,`COUNTRY_CODE`,`CREATED_DATE`,`PRODUCT_TYPE`,`UPDATED_DATE`,`LEGAL_ENTITY_ID`) VALUES (16,'2016-10-05 21:25:11','ALL','MX','2016-10-05 21:25:11','AUTO','2016-10-05 21:25:11',10);
INSERT INTO `ORACLE_LEGAL_ENTITY_FOR_INVOICING` (`ID`,`RULE_START_DATE`,`CHANNEL`,`COUNTRY_CODE`,`CREATED_DATE`,`PRODUCT_TYPE`,`UPDATED_DATE`,`LEGAL_ENTITY_ID`) VALUES (17,'2016-10-05 21:26:26','ALL','VE','2016-10-05 21:26:26','AUTO','2016-10-05 21:26:26',8);
INSERT INTO `ORACLE_LEGAL_ENTITY_FOR_INVOICING` (`ID`,`RULE_START_DATE`,`CHANNEL`,`COUNTRY_CODE`,`CREATED_DATE`,`PRODUCT_TYPE`,`UPDATED_DATE`,`LEGAL_ENTITY_ID`) VALUES (18,'2016-10-05 21:27:25','ALL','PE','2016-10-05 21:27:25','AUTO','2016-10-05 21:27:25',7);
INSERT INTO `ORACLE_LEGAL_ENTITY_FOR_INVOICING` (`ID`,`RULE_START_DATE`,`CHANNEL`,`COUNTRY_CODE`,`CREATED_DATE`,`PRODUCT_TYPE`,`UPDATED_DATE`,`LEGAL_ENTITY_ID`) VALUES (19,'2016-10-05 21:27:47','ALL','ES','2016-10-05 21:27:47','AUTO','2016-10-05 21:27:47',11);
INSERT INTO `ORACLE_LEGAL_ENTITY_FOR_INVOICING` (`ID`,`RULE_START_DATE`,`CHANNEL`,`COUNTRY_CODE`,`CREATED_DATE`,`PRODUCT_TYPE`,`UPDATED_DATE`,`LEGAL_ENTITY_ID`) VALUES (20,'2016-10-05 21:31:10','LOCAL','CL','2016-10-05 21:31:10','AUTO','2016-10-05 21:31:10',15);
INSERT INTO `ORACLE_LEGAL_ENTITY_FOR_INVOICING` (`ID`,`RULE_START_DATE`,`CHANNEL`,`COUNTRY_CODE`,`CREATED_DATE`,`PRODUCT_TYPE`,`UPDATED_DATE`,`LEGAL_ENTITY_ID`) VALUES (21,'2016-10-05 21:41:33','ALL','US','2016-10-05 21:41:33','AUTO','2016-10-05 21:41:33',19);
INSERT INTO `ORACLE_LEGAL_ENTITY_FOR_INVOICING` (`ID`,`RULE_START_DATE`,`CHANNEL`,`COUNTRY_CODE`,`CREATED_DATE`,`PRODUCT_TYPE`,`UPDATED_DATE`,`LEGAL_ENTITY_ID`) VALUES (22,'2016-10-06 13:01:07','LOCAL','CO','2016-10-06 13:01:07','AUTO','2016-10-06 13:01:07',3);
INSERT INTO `ORACLE_LEGAL_ENTITY_FOR_INVOICING` (`ID`,`RULE_START_DATE`,`CHANNEL`,`COUNTRY_CODE`,`CREATED_DATE`,`PRODUCT_TYPE`,`UPDATED_DATE`,`LEGAL_ENTITY_ID`) VALUES (23,'2016-10-06 13:43:09','LOCAL','EC','2016-10-06 13:43:09','AUTO','2016-10-06 13:43:09',1);
INSERT INTO `ORACLE_LEGAL_ENTITY_FOR_INVOICING` (`ID`,`RULE_START_DATE`,`CHANNEL`,`COUNTRY_CODE`,`CREATED_DATE`,`PRODUCT_TYPE`,`UPDATED_DATE`,`LEGAL_ENTITY_ID`) VALUES (24,'2016-10-06 13:44:57','INTERNATIONAL','*','2016-10-06 13:44:57','AUTO','2016-10-06 13:44:57',18);
INSERT INTO `ORACLE_LEGAL_ENTITY_FOR_INVOICING` (`ID`,`RULE_START_DATE`,`CHANNEL`,`COUNTRY_CODE`,`CREATED_DATE`,`PRODUCT_TYPE`,`UPDATED_DATE`,`LEGAL_ENTITY_ID`) VALUES (25,'2016-10-06 18:54:07','LOCAL','CR','2016-10-06 18:54:07','AUTO','2016-10-06 18:54:07',18);
INSERT INTO `ORACLE_LEGAL_ENTITY_FOR_INVOICING` (`ID`,`RULE_START_DATE`,`CHANNEL`,`COUNTRY_CODE`,`CREATED_DATE`,`PRODUCT_TYPE`,`UPDATED_DATE`,`LEGAL_ENTITY_ID`) VALUES (26,'2016-10-06 18:54:31','LOCAL','PA','2016-10-06 18:54:31','AUTO','2016-10-06 18:54:31',18);

