use cfa_mixer;

INSERT INTO `LEGAL_ENTITY` (`ID`,`CREATED_BY`,`CREATED_DATE`,`UPDATED_BY`,`UPDATED_DATE`,`CODE`,`DESCRIPTION`,`ENABLED`,`OPERATIONAL`,`TAXPAYER_ID`,`COUNTRY_ID`) VALUES (1,NULL,'2016-09-07 15:33:53',NULL,'2016-09-07 16:20:02','LE001','Servicios Online S.A.S Despegar.com',false,true,'1792332753001',6);
INSERT INTO `LEGAL_ENTITY` (`ID`,`CREATED_BY`,`CREATED_DATE`,`UPDATED_BY`,`UPDATED_DATE`,`CODE`,`DESCRIPTION`,`ENABLED`,`OPERATIONAL`,`TAXPAYER_ID`,`COUNTRY_ID`) VALUES (2,NULL,'2016-09-07 16:21:00',NULL,'2016-09-07 16:21:27','LE002','La Inc S.A',false,false,'30712329404',1);
INSERT INTO `LEGAL_ENTITY` (`ID`,`CREATED_BY`,`CREATED_DATE`,`UPDATED_BY`,`UPDATED_DATE`,`CODE`,`DESCRIPTION`,`ENABLED`,`OPERATIONAL`,`TAXPAYER_ID`,`COUNTRY_ID`) VALUES (3,NULL,'2016-09-07 16:22:04',NULL,'2016-09-07 16:22:04','LE003','DESPEGAR COLOMBIA SAS',false,true,'9006105185',4);
INSERT INTO `LEGAL_ENTITY` (`ID`,`CREATED_BY`,`CREATED_DATE`,`UPDATED_BY`,`UPDATED_DATE`,`CODE`,`DESCRIPTION`,`ENABLED`,`OPERATIONAL`,`TAXPAYER_ID`,`COUNTRY_ID`) VALUES (4,NULL,'2016-09-07 16:24:14',NULL,'2016-09-07 16:24:14','LE004','Decolar.com Ltda',false,true,'03563689000231',3);
INSERT INTO `LEGAL_ENTITY` (`ID`,`CREATED_BY`,`CREATED_DATE`,`UPDATED_BY`,`UPDATED_DATE`,`CODE`,`DESCRIPTION`,`ENABLED`,`OPERATIONAL`,`TAXPAYER_ID`,`COUNTRY_ID`) VALUES (5,NULL,'2016-09-07 16:26:15',NULL,'2016-09-07 16:26:15','LE005','Servicios Online S.A.S (Colombia)',false,true,'9003305001',4);
INSERT INTO `LEGAL_ENTITY` (`ID`,`CREATED_BY`,`CREATED_DATE`,`UPDATED_BY`,`UPDATED_DATE`,`CODE`,`DESCRIPTION`,`ENABLED`,`OPERATIONAL`,`TAXPAYER_ID`,`COUNTRY_ID`) VALUES (6,NULL,'2016-09-07 16:27:42',NULL,'2016-09-07 16:27:42','LE006','Despegar.com.ar SA',false,true,'30701307115',1);
INSERT INTO `LEGAL_ENTITY` (`ID`,`CREATED_BY`,`CREATED_DATE`,`UPDATED_BY`,`UPDATED_DATE`,`CODE`,`DESCRIPTION`,`ENABLED`,`OPERATIONAL`,`TAXPAYER_ID`,`COUNTRY_ID`) VALUES (7,NULL,'2016-09-07 16:30:44',NULL,'2016-09-07 16:30:44','LE007','Despegar.com Perú SAC',false,false,'20544547756',10);
INSERT INTO `LEGAL_ENTITY` (`ID`,`CREATED_BY`,`CREATED_DATE`,`UPDATED_BY`,`UPDATED_DATE`,`CODE`,`DESCRIPTION`,`ENABLED`,`OPERATIONAL`,`TAXPAYER_ID`,`COUNTRY_ID`) VALUES (8,NULL,'2016-09-07 16:31:12',NULL,'2016-09-07 16:31:12','LE008','Servicios On Line 3351 de Venezuela, C.A',false,false,'RIFJ298513853',12);
INSERT INTO `LEGAL_ENTITY` (`ID`,`CREATED_BY`,`CREATED_DATE`,`UPDATED_BY`,`UPDATED_DATE`,`CODE`,`DESCRIPTION`,`ENABLED`,`OPERATIONAL`,`TAXPAYER_ID`,`COUNTRY_ID`) VALUES (9,NULL,'2016-09-07 16:31:38',NULL,'2016-09-07 16:31:38','LE009','Despegar Servicios S.A  de C.V',false,false,'AAA010101AAA',9);
INSERT INTO `LEGAL_ENTITY` (`ID`,`CREATED_BY`,`CREATED_DATE`,`UPDATED_BY`,`UPDATED_DATE`,`CODE`,`DESCRIPTION`,`ENABLED`,`OPERATIONAL`,`TAXPAYER_ID`,`COUNTRY_ID`) VALUES (10,NULL,'2016-09-07 16:32:11',NULL,'2016-09-07 16:32:11','LE010','Despegar.com México S.A de C.V.',false,true,'DCM000125IY6',9);
INSERT INTO `LEGAL_ENTITY` (`ID`,`CREATED_BY`,`CREATED_DATE`,`UPDATED_BY`,`UPDATED_DATE`,`CODE`,`DESCRIPTION`,`ENABLED`,`OPERATIONAL`,`TAXPAYER_ID`,`COUNTRY_ID`) VALUES (11,NULL,'2016-09-07 16:32:48',NULL,'2016-09-07 16:32:48','LE011','Desomproc S.L.',false,false,'B86743671',7);
INSERT INTO `LEGAL_ENTITY` (`ID`,`CREATED_BY`,`CREATED_DATE`,`UPDATED_BY`,`UPDATED_DATE`,`CODE`,`DESCRIPTION`,`ENABLED`,`OPERATIONAL`,`TAXPAYER_ID`,`COUNTRY_ID`) VALUES (12,NULL,'2016-09-07 16:33:10',NULL,'2016-09-07 16:33:10','LE012','Despegar Barbados International LTD',false,false,'37261',2);
INSERT INTO `LEGAL_ENTITY` (`ID`,`CREATED_BY`,`CREATED_DATE`,`UPDATED_BY`,`UPDATED_DATE`,`CODE`,`DESCRIPTION`,`ENABLED`,`OPERATIONAL`,`TAXPAYER_ID`,`COUNTRY_ID`) VALUES (13,NULL,'2016-09-07 16:33:35',NULL,'2016-09-07 16:33:35','LE013','Despegar_INC',false,false,'EIN980215773',8);
INSERT INTO `LEGAL_ENTITY` (`ID`,`CREATED_BY`,`CREATED_DATE`,`UPDATED_BY`,`UPDATED_DATE`,`CODE`,`DESCRIPTION`,`ENABLED`,`OPERATIONAL`,`TAXPAYER_ID`,`COUNTRY_ID`) VALUES (14,NULL,'2016-09-07 16:33:55',NULL,'2016-09-07 16:34:40','LE014','HOLIDAYS S.A.',false,true,'217265520018',11);
INSERT INTO `LEGAL_ENTITY` (`ID`,`CREATED_BY`,`CREATED_DATE`,`UPDATED_BY`,`UPDATED_DATE`,`CODE`,`DESCRIPTION`,`ENABLED`,`OPERATIONAL`,`TAXPAYER_ID`,`COUNTRY_ID`) VALUES (15,NULL,'2016-09-07 16:34:30',NULL,'2016-09-07 16:34:30','LE015','Despegar.com Chile S.A',false,true,'969078309',5);
INSERT INTO `LEGAL_ENTITY` (`ID`,`CREATED_BY`,`CREATED_DATE`,`UPDATED_BY`,`UPDATED_DATE`,`CODE`,`DESCRIPTION`,`ENABLED`,`OPERATIONAL`,`TAXPAYER_ID`,`COUNTRY_ID`) VALUES (16,NULL,'2016-09-07 16:35:09',NULL,'2016-09-07 16:35:09','LE016','Viajo.com Argentina S.A',false,false,'30706057567',1);
INSERT INTO `LEGAL_ENTITY` (`ID`,`CREATED_BY`,`CREATED_DATE`,`UPDATED_BY`,`UPDATED_DATE`,`CODE`,`DESCRIPTION`,`ENABLED`,`OPERATIONAL`,`TAXPAYER_ID`,`COUNTRY_ID`) VALUES (17,NULL,'2016-09-07 16:35:34',NULL,'2016-09-07 16:35:34','LE017','Viajo.com do Brasil Ag. Viagens Ltda',false,false,'03413634000164',3);
INSERT INTO `LEGAL_ENTITY` (`ID`,`CREATED_BY`,`CREATED_DATE`,`UPDATED_BY`,`UPDATED_DATE`,`CODE`,`DESCRIPTION`,`ENABLED`,`OPERATIONAL`,`TAXPAYER_ID`,`COUNTRY_ID`) VALUES (18,NULL,'2016-09-07 16:36:03',NULL,'2016-09-07 16:36:03','LE018','Travel Reservations SRL',false,true,'216232590019',11);
INSERT INTO `LEGAL_ENTITY` (`ID`,`CREATED_BY`,`CREATED_DATE`,`UPDATED_BY`,`UPDATED_DATE`,`CODE`,`DESCRIPTION`,`ENABLED`,`OPERATIONAL`,`TAXPAYER_ID`,`COUNTRY_ID`) VALUES (19,NULL,'2016-09-07 16:36:32',NULL,'2016-09-07 16:36:32','LE019','Despegar.com USA, Inc.',false,false,'EIN651011884',8);

INSERT INTO `REVINFO` (`id`,`timestamp`,`AUDITOR_USERNAME`) VALUES (1,1473273233869,'operador3.ar');
INSERT INTO `REVINFO` (`id`,`timestamp`,`AUDITOR_USERNAME`) VALUES (2,1473275978927,'operador3.ar');
INSERT INTO `REVINFO` (`id`,`timestamp`,`AUDITOR_USERNAME`) VALUES (3,1473275986753,'operador3.ar');
INSERT INTO `REVINFO` (`id`,`timestamp`,`AUDITOR_USERNAME`) VALUES (4,1473275994059,'operador3.ar');
INSERT INTO `REVINFO` (`id`,`timestamp`,`AUDITOR_USERNAME`) VALUES (5,1473276002066,'operador3.ar');
INSERT INTO `REVINFO` (`id`,`timestamp`,`AUDITOR_USERNAME`) VALUES (6,1473276060393,'operador3.ar');
INSERT INTO `REVINFO` (`id`,`timestamp`,`AUDITOR_USERNAME`) VALUES (7,1473276083894,'operador3.ar');
INSERT INTO `REVINFO` (`id`,`timestamp`,`AUDITOR_USERNAME`) VALUES (8,1473276087070,'operador3.ar');
INSERT INTO `REVINFO` (`id`,`timestamp`,`AUDITOR_USERNAME`) VALUES (9,1473276124605,'operador3.ar');
INSERT INTO `REVINFO` (`id`,`timestamp`,`AUDITOR_USERNAME`) VALUES (10,1473276254447,'operador3.ar');
INSERT INTO `REVINFO` (`id`,`timestamp`,`AUDITOR_USERNAME`) VALUES (11,1473276375259,'operador3.ar');
INSERT INTO `REVINFO` (`id`,`timestamp`,`AUDITOR_USERNAME`) VALUES (12,1473276462844,'operador3.ar');
INSERT INTO `REVINFO` (`id`,`timestamp`,`AUDITOR_USERNAME`) VALUES (13,1473276644940,'operador3.ar');
INSERT INTO `REVINFO` (`id`,`timestamp`,`AUDITOR_USERNAME`) VALUES (14,1473276672523,'operador3.ar');
INSERT INTO `REVINFO` (`id`,`timestamp`,`AUDITOR_USERNAME`) VALUES (15,1473276698774,'operador3.ar');
INSERT INTO `REVINFO` (`id`,`timestamp`,`AUDITOR_USERNAME`) VALUES (16,1473276731437,'operador3.ar');
INSERT INTO `REVINFO` (`id`,`timestamp`,`AUDITOR_USERNAME`) VALUES (17,1473276768594,'operador3.ar');
INSERT INTO `REVINFO` (`id`,`timestamp`,`AUDITOR_USERNAME`) VALUES (18,1473276790899,'operador3.ar');
INSERT INTO `REVINFO` (`id`,`timestamp`,`AUDITOR_USERNAME`) VALUES (19,1473276815382,'operador3.ar');
INSERT INTO `REVINFO` (`id`,`timestamp`,`AUDITOR_USERNAME`) VALUES (20,1473276835584,'operador3.ar');
INSERT INTO `REVINFO` (`id`,`timestamp`,`AUDITOR_USERNAME`) VALUES (21,1473276870379,'operador3.ar');
INSERT INTO `REVINFO` (`id`,`timestamp`,`AUDITOR_USERNAME`) VALUES (22,1473276880331,'operador3.ar');
INSERT INTO `REVINFO` (`id`,`timestamp`,`AUDITOR_USERNAME`) VALUES (23,1473276909776,'operador3.ar');
INSERT INTO `REVINFO` (`id`,`timestamp`,`AUDITOR_USERNAME`) VALUES (24,1473276934066,'operador3.ar');
INSERT INTO `REVINFO` (`id`,`timestamp`,`AUDITOR_USERNAME`) VALUES (25,1473276963337,'operador3.ar');
INSERT INTO `REVINFO` (`id`,`timestamp`,`AUDITOR_USERNAME`) VALUES (26,1473276992015,'operador3.ar');


INSERT INTO `LEGAL_ENTITY_AUD` (`ID`,`REV`,`REVTYPE`,`CREATED_BY`,`CREATED_DATE`,`UPDATED_BY`,`UPDATED_DATE`,`CODE`,`DESCRIPTION`,`ENABLED`,`OPERATIONAL`,`TAXPAYER_ID`,`COUNTRY_ID`) VALUES (1,1,0,NULL,'2016-09-07 15:33:53',NULL,'2016-09-07 15:33:53','LE001','Servicios Online S.A.S Despegar.com',false,true,'1792332753001',6);
INSERT INTO `LEGAL_ENTITY_AUD` (`ID`,`REV`,`REVTYPE`,`CREATED_BY`,`CREATED_DATE`,`UPDATED_BY`,`UPDATED_DATE`,`CODE`,`DESCRIPTION`,`ENABLED`,`OPERATIONAL`,`TAXPAYER_ID`,`COUNTRY_ID`) VALUES (1,2,1,NULL,'2016-09-07 15:33:53',NULL,'2016-09-07 16:19:33','LE001','Servicios Online S.A.S Despegar.com',false,true,'1792332753001',4);
INSERT INTO `LEGAL_ENTITY_AUD` (`ID`,`REV`,`REVTYPE`,`CREATED_BY`,`CREATED_DATE`,`UPDATED_BY`,`UPDATED_DATE`,`CODE`,`DESCRIPTION`,`ENABLED`,`OPERATIONAL`,`TAXPAYER_ID`,`COUNTRY_ID`) VALUES (1,3,1,NULL,'2016-09-07 15:33:53',NULL,'2016-09-07 16:19:46','LE001','Servicios Online S.A.S Despegar.com',false,true,'1792332753001',6);
INSERT INTO `LEGAL_ENTITY_AUD` (`ID`,`REV`,`REVTYPE`,`CREATED_BY`,`CREATED_DATE`,`UPDATED_BY`,`UPDATED_DATE`,`CODE`,`DESCRIPTION`,`ENABLED`,`OPERATIONAL`,`TAXPAYER_ID`,`COUNTRY_ID`) VALUES (1,4,1,NULL,'2016-09-07 15:33:53',NULL,'2016-09-07 16:19:54','LE001','Servicios Online S.A.S Despegar.com',false,true,'1792332753001',1);
INSERT INTO `LEGAL_ENTITY_AUD` (`ID`,`REV`,`REVTYPE`,`CREATED_BY`,`CREATED_DATE`,`UPDATED_BY`,`UPDATED_DATE`,`CODE`,`DESCRIPTION`,`ENABLED`,`OPERATIONAL`,`TAXPAYER_ID`,`COUNTRY_ID`) VALUES (1,5,1,NULL,'2016-09-07 15:33:53',NULL,'2016-09-07 16:20:02','LE001','Servicios Online S.A.S Despegar.com',false,true,'1792332753001',6);
INSERT INTO `LEGAL_ENTITY_AUD` (`ID`,`REV`,`REVTYPE`,`CREATED_BY`,`CREATED_DATE`,`UPDATED_BY`,`UPDATED_DATE`,`CODE`,`DESCRIPTION`,`ENABLED`,`OPERATIONAL`,`TAXPAYER_ID`,`COUNTRY_ID`) VALUES (2,6,0,NULL,'2016-09-07 16:21:00',NULL,'2016-09-07 16:21:00','LE002','La Inc S.A',false,false,'30712329404',1);
INSERT INTO `LEGAL_ENTITY_AUD` (`ID`,`REV`,`REVTYPE`,`CREATED_BY`,`CREATED_DATE`,`UPDATED_BY`,`UPDATED_DATE`,`CODE`,`DESCRIPTION`,`ENABLED`,`OPERATIONAL`,`TAXPAYER_ID`,`COUNTRY_ID`) VALUES (2,7,1,NULL,'2016-09-07 16:21:00',NULL,'2016-09-07 16:21:23','LE002','La Inc S.A',false,true,'30712329404',1);
INSERT INTO `LEGAL_ENTITY_AUD` (`ID`,`REV`,`REVTYPE`,`CREATED_BY`,`CREATED_DATE`,`UPDATED_BY`,`UPDATED_DATE`,`CODE`,`DESCRIPTION`,`ENABLED`,`OPERATIONAL`,`TAXPAYER_ID`,`COUNTRY_ID`) VALUES (2,8,1,NULL,'2016-09-07 16:21:00',NULL,'2016-09-07 16:21:27','LE002','La Inc S.A',false,false,'30712329404',1);
INSERT INTO `LEGAL_ENTITY_AUD` (`ID`,`REV`,`REVTYPE`,`CREATED_BY`,`CREATED_DATE`,`UPDATED_BY`,`UPDATED_DATE`,`CODE`,`DESCRIPTION`,`ENABLED`,`OPERATIONAL`,`TAXPAYER_ID`,`COUNTRY_ID`) VALUES (3,9,0,NULL,'2016-09-07 16:22:04',NULL,'2016-09-07 16:22:04','LE003','DESPEGAR COLOMBIA SAS',false,true,'9006105185',4);
INSERT INTO `LEGAL_ENTITY_AUD` (`ID`,`REV`,`REVTYPE`,`CREATED_BY`,`CREATED_DATE`,`UPDATED_BY`,`UPDATED_DATE`,`CODE`,`DESCRIPTION`,`ENABLED`,`OPERATIONAL`,`TAXPAYER_ID`,`COUNTRY_ID`) VALUES (4,10,0,NULL,'2016-09-07 16:24:14',NULL,'2016-09-07 16:24:14','LE004','Decolar.com Ltda',false,true,'03563689000231',3);
INSERT INTO `LEGAL_ENTITY_AUD` (`ID`,`REV`,`REVTYPE`,`CREATED_BY`,`CREATED_DATE`,`UPDATED_BY`,`UPDATED_DATE`,`CODE`,`DESCRIPTION`,`ENABLED`,`OPERATIONAL`,`TAXPAYER_ID`,`COUNTRY_ID`) VALUES (5,11,0,NULL,'2016-09-07 16:26:15',NULL,'2016-09-07 16:26:15','LE005','Servicios Online S.A.S (Colombia)',false,true,'9003305001',4);
INSERT INTO `LEGAL_ENTITY_AUD` (`ID`,`REV`,`REVTYPE`,`CREATED_BY`,`CREATED_DATE`,`UPDATED_BY`,`UPDATED_DATE`,`CODE`,`DESCRIPTION`,`ENABLED`,`OPERATIONAL`,`TAXPAYER_ID`,`COUNTRY_ID`) VALUES (6,12,0,NULL,'2016-09-07 16:27:42',NULL,'2016-09-07 16:27:42','LE006','Despegar.com.ar SA',false,true,'30701307115',1);
INSERT INTO `LEGAL_ENTITY_AUD` (`ID`,`REV`,`REVTYPE`,`CREATED_BY`,`CREATED_DATE`,`UPDATED_BY`,`UPDATED_DATE`,`CODE`,`DESCRIPTION`,`ENABLED`,`OPERATIONAL`,`TAXPAYER_ID`,`COUNTRY_ID`) VALUES (7,13,0,NULL,'2016-09-07 16:30:44',NULL,'2016-09-07 16:30:44','LE007','Despegar.com Perú SAC',false,false,'20544547756',10);
INSERT INTO `LEGAL_ENTITY_AUD` (`ID`,`REV`,`REVTYPE`,`CREATED_BY`,`CREATED_DATE`,`UPDATED_BY`,`UPDATED_DATE`,`CODE`,`DESCRIPTION`,`ENABLED`,`OPERATIONAL`,`TAXPAYER_ID`,`COUNTRY_ID`) VALUES (8,14,0,NULL,'2016-09-07 16:31:12',NULL,'2016-09-07 16:31:12','LE008','Servicios On Line 3351 de Venezuela, C.A',false,false,'RIFJ298513853',12);
INSERT INTO `LEGAL_ENTITY_AUD` (`ID`,`REV`,`REVTYPE`,`CREATED_BY`,`CREATED_DATE`,`UPDATED_BY`,`UPDATED_DATE`,`CODE`,`DESCRIPTION`,`ENABLED`,`OPERATIONAL`,`TAXPAYER_ID`,`COUNTRY_ID`) VALUES (9,15,0,NULL,'2016-09-07 16:31:38',NULL,'2016-09-07 16:31:38','LE009','Despegar Servicios S.A  de C.V',false,false,'AAA010101AAA',9);
INSERT INTO `LEGAL_ENTITY_AUD` (`ID`,`REV`,`REVTYPE`,`CREATED_BY`,`CREATED_DATE`,`UPDATED_BY`,`UPDATED_DATE`,`CODE`,`DESCRIPTION`,`ENABLED`,`OPERATIONAL`,`TAXPAYER_ID`,`COUNTRY_ID`) VALUES (10,16,0,NULL,'2016-09-07 16:32:11',NULL,'2016-09-07 16:32:11','LE010','Despegar.com México S.A de C.V.',false,true,'DCM000125IY6',9);
INSERT INTO `LEGAL_ENTITY_AUD` (`ID`,`REV`,`REVTYPE`,`CREATED_BY`,`CREATED_DATE`,`UPDATED_BY`,`UPDATED_DATE`,`CODE`,`DESCRIPTION`,`ENABLED`,`OPERATIONAL`,`TAXPAYER_ID`,`COUNTRY_ID`) VALUES (11,17,0,NULL,'2016-09-07 16:32:48',NULL,'2016-09-07 16:32:48','LE011','Desomproc S.L.',false,false,'B86743671',7);
INSERT INTO `LEGAL_ENTITY_AUD` (`ID`,`REV`,`REVTYPE`,`CREATED_BY`,`CREATED_DATE`,`UPDATED_BY`,`UPDATED_DATE`,`CODE`,`DESCRIPTION`,`ENABLED`,`OPERATIONAL`,`TAXPAYER_ID`,`COUNTRY_ID`) VALUES (12,18,0,NULL,'2016-09-07 16:33:10',NULL,'2016-09-07 16:33:10','LE012','Despegar Barbados International LTD',false,false,'37261',2);
INSERT INTO `LEGAL_ENTITY_AUD` (`ID`,`REV`,`REVTYPE`,`CREATED_BY`,`CREATED_DATE`,`UPDATED_BY`,`UPDATED_DATE`,`CODE`,`DESCRIPTION`,`ENABLED`,`OPERATIONAL`,`TAXPAYER_ID`,`COUNTRY_ID`) VALUES (13,19,0,NULL,'2016-09-07 16:33:35',NULL,'2016-09-07 16:33:35','LE013','Despegar_INC',false,false,'EIN 98-0215773',8);
INSERT INTO `LEGAL_ENTITY_AUD` (`ID`,`REV`,`REVTYPE`,`CREATED_BY`,`CREATED_DATE`,`UPDATED_BY`,`UPDATED_DATE`,`CODE`,`DESCRIPTION`,`ENABLED`,`OPERATIONAL`,`TAXPAYER_ID`,`COUNTRY_ID`) VALUES (14,20,0,NULL,'2016-09-07 16:33:55',NULL,'2016-09-07 16:33:55','LE014','HOLIDAYS S.A.',false,false,'217265520018',11);
INSERT INTO `LEGAL_ENTITY_AUD` (`ID`,`REV`,`REVTYPE`,`CREATED_BY`,`CREATED_DATE`,`UPDATED_BY`,`UPDATED_DATE`,`CODE`,`DESCRIPTION`,`ENABLED`,`OPERATIONAL`,`TAXPAYER_ID`,`COUNTRY_ID`) VALUES (14,22,1,NULL,'2016-09-07 16:33:55',NULL,'2016-09-07 16:34:40','LE014','HOLIDAYS S.A.',false,true,'217265520018',11);
INSERT INTO `LEGAL_ENTITY_AUD` (`ID`,`REV`,`REVTYPE`,`CREATED_BY`,`CREATED_DATE`,`UPDATED_BY`,`UPDATED_DATE`,`CODE`,`DESCRIPTION`,`ENABLED`,`OPERATIONAL`,`TAXPAYER_ID`,`COUNTRY_ID`) VALUES (15,21,0,NULL,'2016-09-07 16:34:30',NULL,'2016-09-07 16:34:30','LE015','Despegar.com Chile S.A',false,true,'969078309',5);
INSERT INTO `LEGAL_ENTITY_AUD` (`ID`,`REV`,`REVTYPE`,`CREATED_BY`,`CREATED_DATE`,`UPDATED_BY`,`UPDATED_DATE`,`CODE`,`DESCRIPTION`,`ENABLED`,`OPERATIONAL`,`TAXPAYER_ID`,`COUNTRY_ID`) VALUES (16,23,0,NULL,'2016-09-07 16:35:09',NULL,'2016-09-07 16:35:09','LE016','Viajo.com Argentina S.A',false,false,'30706057567',1);
INSERT INTO `LEGAL_ENTITY_AUD` (`ID`,`REV`,`REVTYPE`,`CREATED_BY`,`CREATED_DATE`,`UPDATED_BY`,`UPDATED_DATE`,`CODE`,`DESCRIPTION`,`ENABLED`,`OPERATIONAL`,`TAXPAYER_ID`,`COUNTRY_ID`) VALUES (17,24,0,NULL,'2016-09-07 16:35:34',NULL,'2016-09-07 16:35:34','LE017','Viajo.com do Brasil Ag. Viagens Ltda',false,false,'03413634000164',3);
INSERT INTO `LEGAL_ENTITY_AUD` (`ID`,`REV`,`REVTYPE`,`CREATED_BY`,`CREATED_DATE`,`UPDATED_BY`,`UPDATED_DATE`,`CODE`,`DESCRIPTION`,`ENABLED`,`OPERATIONAL`,`TAXPAYER_ID`,`COUNTRY_ID`) VALUES (18,25,0,NULL,'2016-09-07 16:36:03',NULL,'2016-09-07 16:36:03','LE018','Travel Reservations SRL',false,true,'216232590019',11);
INSERT INTO `LEGAL_ENTITY_AUD` (`ID`,`REV`,`REVTYPE`,`CREATED_BY`,`CREATED_DATE`,`UPDATED_BY`,`UPDATED_DATE`,`CODE`,`DESCRIPTION`,`ENABLED`,`OPERATIONAL`,`TAXPAYER_ID`,`COUNTRY_ID`) VALUES (19,26,0,NULL,'2016-09-07 16:36:32',NULL,'2016-09-07 16:36:32','LE019','Despegar.com USA, Inc.',false,false,'EIN651011884',8);

